Site,count,sum,prop,ci_lo,ci_hi
Fern Station,400,106.0,0.265,0.22413301235879635,0.3103379287230536
Nature Park,180,96.0,0.5333333333333333,0.46051654785253293,0.6047570354931299
